Title,Time,Category,Link
《贵州省食用菌技术标准体系》和食用菌品牌集群发布,2019年11月18日,省内新闻,http://gznw.guizhou.gov.cn/gznjw/kzx/xwrd/snxw/696455/index.html
【新春走基层】羊肚菌丰收在望——大方县杨柳村食用菌种植基地,2023年01月28日,乡村振兴,http://gznw.guizhou.gov.cn/gznjw/kzx/tpgj/tpgz/884090/index.html
食用菌如何使用多菌灵,2022年12月27日,食用菌,http://gznw.guizhou.gov.cn/gznjw/syjs0/zz/syj/881632/index.html
冬闲田里 种上了食用菌,2022年12月07日,乡村振兴,http://gznw.guizhou.gov.cn/gznjw/kzx/tpgj/tpgz/879510/index.html
冬闲田种上食用菌,2022年12月07日,图片新闻,http://gznw.guizhou.gov.cn/gznjw/kzx/njzx/tpxw/879448/index.html
黄平：食用菌包变废为宝,2022年11月23日,乡村振兴,http://gznw.guizhou.gov.cn/gznjw/kzx/tpgj/tpgz/877597/index.html
带领60余菇农发展食用菌产业,2022年11月21日,精准扶贫,http://gznw.guizhou.gov.cn/gznjw/kzx/tpgj/jzfp/877126/index.html
印江自治县：深加工生产线助食用菌升值,2022年11月04日,乡村振兴,http://gznw.guizhou.gov.cn/gznjw/kzx/tpgj/tpgz/875254/index.html
食用菌栽培中常见病虫害的防治,2022年10月28日,食用菌,http://gznw.guizhou.gov.cn/gznjw/syjs0/zz/syj/874304/index.html
食用菌发绿霉怎么办,2022年10月17日,食用菌,http://gznw.guizhou.gov.cn/gznjw/syjs0/zz/syj/872740/index.html
玉屏：食用菌成增收新引擎,2022年08月29日,乡村振兴,http://gznw.guizhou.gov.cn/gznjw/kzx/tpgj/tpgz/866533/index.html
食用菌规模经营主体收藏！缓解流动资金压力的“黔菌贷”又来了,2022年08月23日,要闻资讯,http://gznw.guizhou.gov.cn/gznjw/kzx/xwrd/snxw/865531/index.html
道真自治县：壮大产业链 做强食用菌,2022年08月12日,乡村振兴,http://gznw.guizhou.gov.cn/gznjw/kzx/tpgj/tpgz/864394/index.html
威宁：光伏板下种植食用菌,2022年07月13日,图片新闻,http://gznw.guizhou.gov.cn/gznjw/kzx/njzx/tpxw/860444/index.html
夏季食用菌栽培如何降低染菌率,2022年07月04日,食用菌,http://gznw.guizhou.gov.cn/gznjw/syjs0/zz/syj/859170/index.html
贵州印江县：食用菌产业拓宽小康路,2022年04月22日,要闻资讯,http://gznw.guizhou.gov.cn/gznjw/kzx/xwrd/snxw/851626/index.html
食用菌产业“接二连三”,2022年04月14日,乡村振兴,http://gznw.guizhou.gov.cn/gznjw/kzx/tpgj/tpgz/851026/index.html
万山区敖寨乡双创新 助力食用菌产业发展,2022年03月31日,精准扶贫,http://gznw.guizhou.gov.cn/gznjw/kzx/tpgj/jzfp/850095/index.html
食用菌常见病虫害防治措施,2022年03月14日,食用菌,http://gznw.guizhou.gov.cn/gznjw/syjs0/zz/syj/848846/index.html
“食用菌博士团”入黔记,2022年02月22日,要闻资讯,http://gznw.guizhou.gov.cn/gznjw/kzx/xwrd/snxw/847290/index.html
贵州生态食用菌再次亮相央视,2022年01月13日,要闻资讯,http://gznw.guizhou.gov.cn/gznjw/kzx/xwrd/snxw/844653/index.html
冬种食用菌严防虫害,2022年01月04日,食用菌,http://gznw.guizhou.gov.cn/gznjw/syjs0/zz/syj/843546/index.html
三都水族自治县食用菌撑起“致富伞”,2021年12月31日,乡村振兴,http://gznw.guizhou.gov.cn/gznjw/kzx/tpgj/tpgz/843287/index.html
引进自动化生产线 研发深加工菌菜——剑河食用菌产业飘香,2021年12月24日,乡村振兴,http://gznw.guizhou.gov.cn/gznjw/kzx/tpgj/tpgz/842535/index.html
贵州省食用菌专业批发交易市场升级开业仪式在贵阳举办,2021年12月20日,要闻资讯,http://gznw.guizhou.gov.cn/gznjw/kzx/xwrd/snxw/842249/index.html
今冬明春食用菌低温防冻技术措施,2021年12月03日,植物,http://gznw.guizhou.gov.cn/gznjw/syjs0/bcfz/zw/840964/index.html
食用菌丰收村民增收,2021年11月03日,图片新闻,http://gznw.guizhou.gov.cn/gznjw/kzx/njzx/tpxw/838365/index.html
食用菌撑起“致富伞”,2021年10月13日,图片新闻,http://gznw.guizhou.gov.cn/gznjw/kzx/njzx/tpxw/836578/index.html
今年上半年产值117.9亿元！贵州省食用菌产业发展现场推进会在纳雍举行,2021年07月28日,要闻资讯,http://gznw.guizhou.gov.cn/gznjw/kzx/xwrd/snxw/827509/index.html
第二十期 科技田间秀（食用菌产业） 第六集：如何保障红托竹荪大量出菇,2021年07月07日,视频展播,http://gznw.guizhou.gov.cn/gznjw/ztml/2021nkjtjxspkj/spzs/839146/index.html
第十八期 科技田间秀（食用菌产业） 第四集：红托竹荪母种转管接种技术,2021年07月07日,视频展播,http://gznw.guizhou.gov.cn/gznjw/ztml/2021nkjtjxspkj/spzs/839140/index.html
第十九期 科技田间秀（食用菌产业） 第五集：姬菇液体怎么培养,2021年07月07日,视频展播,http://gznw.guizhou.gov.cn/gznjw/ztml/2021nkjtjxspkj/spzs/839143/index.html
第十七期 科技田间秀（食用菌产业） 第三集：林下种植红托竹荪的优势,2021年07月07日,视频展播,http://gznw.guizhou.gov.cn/gznjw/ztml/2021nkjtjxspkj/spzs/839136/index.html
第十六期 科技田间秀（食用菌产业） 第二集：红托竹荪常见的病害及防治,2021年07月07日,视频展播,http://gznw.guizhou.gov.cn/gznjw/ztml/2021nkjtjxspkj/spzs/839133/index.html
第十五期 科技田间秀（食用菌产业） 第一集：红托竹荪病虫害防治技术,2021年06月23日,视频展播,http://gznw.guizhou.gov.cn/gznjw/ztml/2021nkjtjxspkj/spzs/839130/index.html
2021中国（贵州）食用菌全产业链创新发展大会将于6月23日开幕,2021年06月11日,新闻发布会,http://gznw.guizhou.gov.cn/gznjw/kzx/njzx/xwfbh/823935/index.html
蓝绍敏：全力推动食用菌产业高质量发展,2021年04月19日,省内新闻,http://gznw.guizhou.gov.cn/gznjw/kzx/xwrd/snxw/771197/index.html
贵州省食用菌产业干部培训班在黔西南州开班,2021年04月16日,省内新闻,http://gznw.guizhou.gov.cn/gznjw/kzx/xwrd/snxw/771010/index.html
剑河食用菌产业布局“一盘棋”助经济发展,2021年04月15日,脱贫工作,http://gznw.guizhou.gov.cn/gznjw/kzx/tpgj/tpgz/770839/index.html
安龙食用菌渐成致富主导产业,2021年04月15日,图片新闻,http://gznw.guizhou.gov.cn/gznjw/kzx/njzx/tpxw/770817/index.html
大方：食用菌铺就绿色致富路,2021年04月09日,脱贫工作,http://gznw.guizhou.gov.cn/gznjw/kzx/tpgj/tpgz/769911/index.html
食用菌产业助农增收,2021年03月08日,图片新闻,http://gznw.guizhou.gov.cn/gznjw/kzx/njzx/tpxw/758213/index.html
黔西南州：食用菌产业持续破题 有效衔接乡村振兴,2021年03月04日,脱贫工作,http://gznw.guizhou.gov.cn/gznjw/kzx/tpgj/tpgz/757887/index.html
剑河县关口村：食用菌产业实现“裂变式”发展,2021年02月05日,精准扶贫,http://gznw.guizhou.gov.cn/gznjw/kzx/tpgj/jzfp/755537/index.html
食用菌冬末春初如何防虫害,2021年02月02日,食用菌,http://gznw.guizhou.gov.cn/gznjw/syjs0/zz/syj/755103/index.html
贵州首款“食用菌酱”于剑河上市,2021年01月29日,省内新闻,http://gznw.guizhou.gov.cn/gznjw/kzx/xwrd/snxw/754388/index.html
岑巩：种好食用菌 致富有希望,2021年01月26日,精准扶贫,http://gznw.guizhou.gov.cn/gznjw/kzx/tpgj/jzfp/753738/index.html
黔西:朵朵食用菌托起小康梦,2020年12月25日,脱贫工作,http://gznw.guizhou.gov.cn/gznjw/kzx/tpgj/tpgz/749721/index.html
玉屏：工厂化生产食用菌助农增收,2020年12月15日,图片新闻,http://gznw.guizhou.gov.cn/gznjw/kzx/njzx/tpxw/748397/index.html
食用菌生产慎用多菌灵,2020年12月14日,其他,http://gznw.guizhou.gov.cn/gznjw/syjs0/qt/747922/index.html
16.“一县一业”助力脱贫攻坚致富奔小康——xx县食用菌产业创新实践-2-1,2020年12月11日,第二组,http://gznw.guizhou.gov.cn/gznjw/zt_wlps/hal/dez60/746494/index.html
13.“高原蕈花别样红”—贵州丰源推动食用菌产业升级发展-2-3,2020年12月10日,第四组,http://gznw.guizhou.gov.cn/gznjw/zt_wlps/hal/dsz79/744628/index.html
黔西南州食用菌催开致富花,2020年10月09日,致富案例,http://gznw.guizhou.gov.cn/gznjw/xjs/zfal/733533/index.html
大方食用菌产业蓬勃壮大 带动3万余名群众增收,2020年09月27日,脱贫工作,http://gznw.guizhou.gov.cn/gznjw/kzx/tpgj/tpgz/732382/index.html
黔西南州食用菌产业“裂变式”发展,2020年09月25日,脱贫工作,http://gznw.guizhou.gov.cn/gznjw/kzx/tpgj/tpgz/732237/index.html
金沙县安底镇民主村：食用菌产业兴旺 群众增收渠道广,2020年09月15日,精准扶贫,http://gznw.guizhou.gov.cn/gznjw/kzx/tpgj/jzfp/730586/index.html
产业壮了 农民富了！七星关区因地制宜推广种植食用菌,2020年08月31日,脱贫工作,http://gznw.guizhou.gov.cn/gznjw/kzx/tpgj/tpgz/728572/index.html
白云区：大力发展食用菌产业助推乡村振兴,2020年07月09日,脱贫工作,http://gznw.guizhou.gov.cn/gznjw/kzx/tpgj/tpgz/720928/index.html
白云区打造食用菌出口加工基地,2020年07月02日,脱贫工作,http://gznw.guizhou.gov.cn/gznjw/kzx/tpgj/tpgz/720109/index.html
剑河： 黔山大地崛起“食用菌王国”,2020年06月24日,脱贫工作,http://gznw.guizhou.gov.cn/gznjw/kzx/tpgj/tpgz/719334/index.html
务川县浞水镇长江社区：驻村第一书记带领乡亲发展食用菌产业,2020年06月17日,驻村动态,http://gznw.guizhou.gov.cn/gznjw/kzx/tpgj/zcdt/718389/index.html
义龙新区：食用菌林下种植助农增收,2020年06月12日,精准扶贫,http://gznw.guizhou.gov.cn/gznjw/kzx/tpgj/jzfp/717952/index.html
助推“黔菌出山”，贵州一食用菌产学研一体化基地落户织金,2020年06月07日,三农快讯,http://gznw.guizhou.gov.cn/gznjw/kzx/njzx/snkx/717128/index.html
纳雍：食用菌智能化生产 老百姓家门口受益,2020年06月04日,致富案例,http://gznw.guizhou.gov.cn/gznjw/xjs/zfal/716953/index.html
纳雍：食用菌智能化生产 老百姓家门口受益,2020年06月04日,脱贫工作,http://gznw.guizhou.gov.cn/gznjw/kzx/tpgj/tpgz/716855/index.html
助力脱贫攻坚 6月1日起贵州生态食用菌亮相央视,2020年06月02日,省内新闻,http://gznw.guizhou.gov.cn/gznjw/kzx/xwrd/snxw/716597/index.html
纳雍食用菌闯开“两个”市场,2020年05月13日,致富案例,http://gznw.guizhou.gov.cn/gznjw/xjs/zfal/714420/index.html
纳雍食用菌闯开“两个”市场,2020年05月13日,脱贫工作,http://gznw.guizhou.gov.cn/gznjw/kzx/tpgj/tpgz/714352/index.html
安顺食用菌产业转型升级集群发展,2020年05月12日,脱贫工作,http://gznw.guizhou.gov.cn/gznjw/kzx/tpgj/tpgz/714258/index.html
贵州大力推进菌材保供助推食用菌产业裂变发展,2020年04月26日,省内新闻,http://gznw.guizhou.gov.cn/gznjw/kzx/xwrd/snxw/712614/index.html
剑河：大力发展食用菌产业　做大做强一县一业,2020年04月17日,脱贫工作,http://gznw.guizhou.gov.cn/gznjw/kzx/tpgj/tpgz/711803/index.html
白云区：食用菌产业实现开门红,2020年04月14日,致富案例,http://gznw.guizhou.gov.cn/gznjw/xjs/zfal/711493/index.html
赫章“利益共同体”激活食用菌产业,2020年04月10日,精准扶贫,http://gznw.guizhou.gov.cn/gznjw/kzx/tpgj/jzfp/711060/index.html
贵州调整优化措施按下食用菌产业发展快进键,2020年04月07日,省内新闻,http://gznw.guizhou.gov.cn/gznjw/kzx/xwrd/snxw/710659/index.html
台江：食用菌撑起脱贫伞 产业菇敲开致富门,2020年03月26日,脱贫工作,http://gznw.guizhou.gov.cn/gznjw/kzx/tpgj/tpgz/709566/index.html
大方县：冬种春收食用菌 抢先唱响“致富曲,2020年03月25日,脱贫工作,http://gznw.guizhou.gov.cn/gznjw/kzx/tpgj/tpgz/709513/index.html
孙志刚：围绕全产业链抓紧抓实抓细食用菌、蔬菜产业发展各项工作,2020年03月25日,省内新闻,http://gznw.guizhou.gov.cn/gznjw/kzx/xwrd/snxw/709405/index.html
雷山：食用菌带来增收希望,2020年03月19日,精准扶贫,http://gznw.guizhou.gov.cn/gznjw/kzx/tpgj/jzfp/708559/index.html
贵州5800万专项资金下拨助力食用菌产业脱贫攻坚,2020年03月17日,省内新闻,http://gznw.guizhou.gov.cn/gznjw/kzx/xwrd/snxw/708133/index.html
防疫期间贵州省食用菌生产技术要点,2020年02月11日,食用菌,http://gznw.guizhou.gov.cn/gznjw/syjs0/zz/syj/704317/index.html
食用菌产业促脱贫,2020年01月10日,图片新闻,http://gznw.guizhou.gov.cn/gznjw/kzx/njzx/tpxw/701176/index.html
道真：促进食用菌产业裂变发展,2019年12月11日,脱贫工作,http://gznw.guizhou.gov.cn/gznjw/kzx/tpgj/tpgz/698696/index.html
黔西南：“招企引智”助推食用菌产业裂变式发展,2019年11月22日,脱贫工作,http://gznw.guizhou.gov.cn/gznjw/kzx/tpgj/tpgz/696903/index.html
贵州食用菌产业如何“链上”贫困户,2019年11月19日,省内新闻,http://gznw.guizhou.gov.cn/gznjw/kzx/xwrd/snxw/696539/index.html
2019中国·贵州食用菌产业发展大会项目签约总额32亿元,2019年11月19日,省内新闻,http://gznw.guizhou.gov.cn/gznjw/kzx/xwrd/snxw/696542/index.html
2019中国·贵州食用菌产业发展大会开幕,2019年11月18日,省内新闻,http://gznw.guizhou.gov.cn/gznjw/kzx/xwrd/snxw/696422/index.html
食用菌的干制加工,2019年11月15日,其他,http://gznw.guizhou.gov.cn/gznjw/syjs0/jg/qt87/679795/index.html
食用菌防病应切断传播途径,2019年11月15日,其他,http://gznw.guizhou.gov.cn/gznjw/syjs0/bcfz/qt53/682590/index.html
食用菌栽培怎样防菇蝇,2019年11月15日,其他,http://gznw.guizhou.gov.cn/gznjw/syjs0/bcfz/qt53/682920/index.html
低温季节严防食用菌四类问题,2019年11月15日,其他,http://gznw.guizhou.gov.cn/gznjw/syjs0/bcfz/qt53/683734/index.html
减少食用菌虫害的方法,2019年11月15日,其他,http://gznw.guizhou.gov.cn/gznjw/syjs0/bcfz/qt53/684027/index.html
低温季节食用菌生产严防四问题,2019年11月15日,其他,http://gznw.guizhou.gov.cn/gznjw/syjs0/bcfz/qt53/684418/index.html
食用菌害虫防治三法,2019年11月15日,其他,http://gznw.guizhou.gov.cn/gznjw/syjs0/bcfz/qt53/684537/index.html
食用菌病虫害发生原因及防治对策,2019年11月15日,其他,http://gznw.guizhou.gov.cn/gznjw/syjs0/bcfz/qt53/684566/index.html
如何用牛粪种植食用菌,2019年11月15日,家畜,http://gznw.guizhou.gov.cn/gznjw/syjs0/yz/jc/674690/index.html
食用菌的增产新招,2019年11月15日,特种,http://gznw.guizhou.gov.cn/gznjw/syjs0/yz/tz/678008/index.html
用大米可配制食用菌母种培养基,2019年11月15日,其他,http://gznw.guizhou.gov.cn/gznjw/syjs0/yz/qt27/679143/index.html
新型食用菌快捷干制法,2019年11月15日,食品加工,http://gznw.guizhou.gov.cn/gznjw/syjs0/jg/spjg/679202/index.html
食用菌添加营养液做到“三要”,2019年11月15日,食品加工,http://gznw.guizhou.gov.cn/gznjw/syjs0/jg/spjg/679259/index.html
食用菌瓶罐的选择及加工处理,2019年11月15日,其他,http://gznw.guizhou.gov.cn/gznjw/syjs0/jg/qt87/679566/index.html
物理法防治冬季食用菌病虫害,2019年11月15日,其他,http://gznw.guizhou.gov.cn/gznjw/syjs0/bcfz/qt53/684785/index.html
食用菌4类病害防治方法,2019年11月15日,其他,http://gznw.guizhou.gov.cn/gznjw/syjs0/bcfz/qt53/685710/index.html
食用菌胡桃肉状菌的防治,2019年11月15日,其他,http://gznw.guizhou.gov.cn/gznjw/syjs0/bcfz/qt53/686278/index.html
食用菌螨虫防治四法,2019年11月15日,其他,http://gznw.guizhou.gov.cn/gznjw/syjs0/bcfz/qt53/686402/index.html
食用菌黏虫的识别与防治,2019年11月15日,其他,http://gznw.guizhou.gov.cn/gznjw/syjs0/bcfz/qt53/686578/index.html
怎样防治食用菌主要病害,2019年11月15日,其他,http://gznw.guizhou.gov.cn/gznjw/syjs0/bcfz/qt53/687013/index.html
食用菌萎蔫病防治方法,2019年11月15日,其他,http://gznw.guizhou.gov.cn/gznjw/syjs0/bcfz/qt53/687309/index.html
食用菌病虫害的化学防治法,2019年11月15日,其他,http://gznw.guizhou.gov.cn/gznjw/syjs0/bcfz/qt53/687364/index.html
食用菌螨虫防治的技术,2019年11月15日,其他,http://gznw.guizhou.gov.cn/gznjw/syjs0/bcfz/qt53/687478/index.html
食用菌常见病害特点,2019年11月15日,其他,http://gznw.guizhou.gov.cn/gznjw/syjs0/bcfz/qt53/687712/index.html
食用菌病害的常见症状,2019年11月15日,其他,http://gznw.guizhou.gov.cn/gznjw/syjs0/bcfz/qt53/687714/index.html
食用菌生产要防毛霉侵害,2019年11月15日,其他,http://gznw.guizhou.gov.cn/gznjw/syjs0/bcfz/qt53/688036/index.html
食用菌废菌料喂猪的方法,2019年11月15日,家畜,http://gznw.guizhou.gov.cn/gznjw/syjs0/yz/jc/671287/index.html
食用菌生产：可用代用料替代棉籽壳,2019年11月15日,食用菌,http://gznw.guizhou.gov.cn/gznjw/syjs0/zz/syj/655658/index.html
食用菌袋通气四技巧,2019年11月15日,食用菌,http://gznw.guizhou.gov.cn/gznjw/syjs0/zz/syj/655728/index.html
食用菌出菇追肥方法,2019年11月15日,食用菌,http://gznw.guizhou.gov.cn/gznjw/syjs0/zz/syj/655773/index.html
巧法贮藏食用菌菌种,2019年11月15日,食用菌,http://gznw.guizhou.gov.cn/gznjw/syjs0/zz/syj/655857/index.html
食用菌周年化生产,2019年11月15日,食用菌,http://gznw.guizhou.gov.cn/gznjw/syjs0/zz/syj/655864/index.html
食用菌生长后期追肥技巧,2019年11月15日,食用菌,http://gznw.guizhou.gov.cn/gznjw/syjs0/zz/syj/655882/index.html
食用菌虫害的防控措施,2019年11月15日,食用菌,http://gznw.guizhou.gov.cn/gznjw/syjs0/zz/syj/655887/index.html
食用菌冬季怎么栽培,2019年11月15日,食用菌,http://gznw.guizhou.gov.cn/gznjw/syjs0/zz/syj/655889/index.html
巧追肥提升食用菌产量,2019年11月15日,食用菌,http://gznw.guizhou.gov.cn/gznjw/syjs0/zz/syj/655900/index.html
食用菌补充营养要注意几点,2019年11月15日,食用菌,http://gznw.guizhou.gov.cn/gznjw/syjs0/zz/syj/655931/index.html
食用菌生长后期追肥技巧,2019年11月15日,食用菌,http://gznw.guizhou.gov.cn/gznjw/syjs0/zz/syj/655950/index.html
食用菌冬季栽培的常见问题,2019年11月15日,食用菌,http://gznw.guizhou.gov.cn/gznjw/syjs0/zz/syj/655955/index.html
食用菌追肥要点,2019年11月15日,食用菌,http://gznw.guizhou.gov.cn/gznjw/syjs0/zz/syj/655957/index.html
食用菌栽培,2019年11月15日,食用菌,http://gznw.guizhou.gov.cn/gznjw/syjs0/zz/syj/655967/index.html
三种方式处理食用菌原料,2019年11月15日,食用菌,http://gznw.guizhou.gov.cn/gznjw/syjs0/zz/syj/655982/index.html
食用菌科学合理用药措施,2019年11月15日,食用菌,http://gznw.guizhou.gov.cn/gznjw/syjs0/zz/syj/655983/index.html
食用菌菌种脱毒技术,2019年11月15日,食用菌,http://gznw.guizhou.gov.cn/gznjw/syjs0/zz/syj/655990/index.html
影响食用菌优质高产的六个因素,2019年11月15日,食用菌,http://gznw.guizhou.gov.cn/gznjw/syjs0/zz/syj/655997/index.html
冬季食用菌谨防虫害,2019年11月15日,食用菌,http://gznw.guizhou.gov.cn/gznjw/syjs0/zz/syj/656004/index.html
冬季栽培食用菌的常见问题,2019年11月15日,食用菌,http://gznw.guizhou.gov.cn/gznjw/syjs0/zz/syj/656017/index.html
食用菌二次套袋技术,2019年11月15日,食用菌,http://gznw.guizhou.gov.cn/gznjw/syjs0/zz/syj/656061/index.html
食用菌春季出菇期技术管理,2019年11月15日,食用菌,http://gznw.guizhou.gov.cn/gznjw/syjs0/zz/syj/656065/index.html
制作食用菌菌种时杂菌污染的原因,2019年11月15日,食用菌,http://gznw.guizhou.gov.cn/gznjw/syjs0/zz/syj/656070/index.html
几种常见食用菌优良母种的质量鉴定方法,2019年11月15日,食用菌,http://gznw.guizhou.gov.cn/gznjw/syjs0/zz/syj/656085/index.html
食用菌栽培技术,2019年11月15日,食用菌,http://gznw.guizhou.gov.cn/gznjw/syjs0/zz/syj/656097/index.html
食用菌冬季管理要点,2019年11月15日,食用菌,http://gznw.guizhou.gov.cn/gznjw/syjs0/zz/syj/656124/index.html
雨雪冰冻天气下的食用菌保护措施,2019年11月15日,食用菌,http://gznw.guizhou.gov.cn/gznjw/syjs0/zz/syj/656128/index.html
如何用稻草栽培食用菌,2019年11月15日,食用菌,http://gznw.guizhou.gov.cn/gznjw/syjs0/zz/syj/656213/index.html
食用菌简化制种革新法,2019年11月15日,食用菌,http://gznw.guizhou.gov.cn/gznjw/syjs0/zz/syj/656239/index.html
如何减少食用菌病虫害,2019年11月15日,食用菌,http://gznw.guizhou.gov.cn/gznjw/syjs0/zz/syj/656272/index.html
食用菌茶薪菇的栽培技术,2019年11月15日,食用菌,http://gznw.guizhou.gov.cn/gznjw/syjs0/zz/syj/656286/index.html
食用菌生产的棉籽壳替代料,2019年11月15日,食用菌,http://gznw.guizhou.gov.cn/gznjw/syjs0/zz/syj/656301/index.html
食用菌畦地栽培法,2019年11月15日,食用菌,http://gznw.guizhou.gov.cn/gznjw/syjs0/zz/syj/656331/index.html
如何选择食用菌栽培场地,2019年11月15日,食用菌,http://gznw.guizhou.gov.cn/gznjw/syjs0/zz/syj/656332/index.html
食用菌土法追肥技术,2019年11月15日,食用菌,http://gznw.guizhou.gov.cn/gznjw/syjs0/zz/syj/656336/index.html
食用菌采摘技术,2019年11月15日,食用菌,http://gznw.guizhou.gov.cn/gznjw/syjs0/zz/syj/656340/index.html
食用菌采摘的技术,2019年11月15日,食用菌,http://gznw.guizhou.gov.cn/gznjw/syjs0/zz/syj/656351/index.html
食用菌出菇期间要补营养液,2019年11月15日,食用菌,http://gznw.guizhou.gov.cn/gznjw/syjs0/zz/syj/656363/index.html
食用菌袋如何通气,2019年11月15日,食用菌,http://gznw.guizhou.gov.cn/gznjw/syjs0/zz/syj/656369/index.html
食用菌栽培补水应注意什么,2019年11月15日,食用菌,http://gznw.guizhou.gov.cn/gznjw/syjs0/zz/syj/656385/index.html
食用菌栽培补水应注意什么?,2019年11月15日,食用菌,http://gznw.guizhou.gov.cn/gznjw/syjs0/zz/syj/656388/index.html
食用菌栽培补水应注意什么？,2019年11月15日,食用菌,http://gznw.guizhou.gov.cn/gznjw/syjs0/zz/syj/656393/index.html
食用菌化学保鲜,2019年11月15日,食用菌,http://gznw.guizhou.gov.cn/gznjw/syjs0/zz/syj/656398/index.html
利用玉米秸秆栽培几种食用菌的方法,2019年11月15日,食用菌,http://gznw.guizhou.gov.cn/gznjw/syjs0/zz/syj/656411/index.html
食用菌冬季种植管理三要点,2019年11月15日,食用菌,http://gznw.guizhou.gov.cn/gznjw/syjs0/zz/syj/656425/index.html
食用菌废料充分腐熟才是好肥料,2019年11月15日,食用菌,http://gznw.guizhou.gov.cn/gznjw/syjs0/zz/syj/656428/index.html
食用菌冬季管理三注意,2019年11月15日,食用菌,http://gznw.guizhou.gov.cn/gznjw/syjs0/zz/syj/656430/index.html
用代用料替代棉籽壳生产食用菌,2019年11月15日,食用菌,http://gznw.guizhou.gov.cn/gznjw/syjs0/zz/syj/656433/index.html
请问如何为食用菌添加营养液,2019年11月15日,食用菌,http://gznw.guizhou.gov.cn/gznjw/syjs0/zz/syj/656437/index.html
冬季食用菌的追肥管理方法,2019年11月15日,食用菌,http://gznw.guizhou.gov.cn/gznjw/syjs0/zz/syj/656438/index.html
食用菌保鲜储藏八法,2019年11月15日,食用菌,http://gznw.guizhou.gov.cn/gznjw/syjs0/zz/syj/656447/index.html
食用菌追肥要点,2019年11月15日,食用菌,http://gznw.guizhou.gov.cn/gznjw/syjs0/zz/syj/656492/index.html
预防食用菌曲霉有技巧,2019年11月15日,食用菌,http://gznw.guizhou.gov.cn/gznjw/syjs0/zz/syj/656494/index.html
如何选择食用菌栽培场地？,2019年11月15日,食用菌,http://gznw.guizhou.gov.cn/gznjw/syjs0/zz/syj/656501/index.html
2019中国贵州食用菌产业发展大会15日在安龙举办,2019年11月12日,省内新闻,http://gznw.guizhou.gov.cn/gznjw/kzx/xwrd/snxw/655274/index.html
贵州下达6000余万元专项资金支持食用菌产业发展,2019年10月12日,省内新闻,http://gznw.guizhou.gov.cn/gznjw/kzx/xwrd/snxw/643742/index.html
台江县：食用菌产业带动农户增收,2019年10月10日,图片新闻,http://gznw.guizhou.gov.cn/gznjw/kzx/njzx/tpxw/643356/index.html
安顺经开区：龙头昂起 带动食用菌产业加速发展,2019年10月08日,脱贫工作,http://gznw.guizhou.gov.cn/gznjw/kzx/tpgj/tpgz/643148/index.html
从“深闺”走向全国餐桌 贵州食用菌未来可期,2019年09月25日,三农快讯,http://gznw.guizhou.gov.cn/gznjw/kzx/njzx/snkx/642106/index.html
蘑菇石下种鲜菇——“全国教书育人楷模”顾昌华与铜仁食用菌产业的故事,2019年09月19日,脱贫工作,http://gznw.guizhou.gov.cn/gznjw/kzx/tpgj/tpgz/641602/index.html
贵州食用菌、刺梨等12个特色产业“专班”将亮相农交会,2019年09月18日,省内新闻,http://gznw.guizhou.gov.cn/gznjw/kzx/xwrd/snxw/641481/index.html
贵阳市今年计划种植两万亩食用菌,2019年09月16日,省内新闻,http://gznw.guizhou.gov.cn/gznjw/kzx/xwrd/snxw/641114/index.html
食用菌产业带动贵州13.5万人脱贫,2019年09月11日,省内新闻,http://gznw.guizhou.gov.cn/gznjw/kzx/xwrd/snxw/640819/index.html
因地制宜发展油茶、黄桃、食用菌、生猪四大主导产业 玉屏选准产业助力农村产业革命,2019年09月08日,新闻动态,http://gznw.guizhou.gov.cn/gznjw/ztml/2019nyphtzt/xwdt/640557/index.html
玉屏食用菌年产值超两亿元,2019年08月21日,图片新闻,http://gznw.guizhou.gov.cn/gznjw/kzx/njzx/tpxw/639350/index.html
“黔菇”香了，钱包鼓了——贵州发展食用菌产业助力脱贫攻坚,2019年07月11日,脱贫工作,http://gznw.guizhou.gov.cn/gznjw/kzx/tpgj/tpgz/636127/index.html
上半年贵州食用菌种植18亿棒 带动13.5万贫困人口发展,2019年07月08日,农网头条,http://gznw.guizhou.gov.cn/gznjw/kzx/njzx/nwtt/635974/index.html
小蘑菇撑开致富伞 ——贵州大学食用菌产业团队扶贫记,2019年06月20日,脱贫工作,http://gznw.guizhou.gov.cn/gznjw/kzx/tpgj/tpgz/634846/index.html
助力脱贫攻坚！贵州大学专家食用菌产业团队“大显身手”,2019年06月13日,脱贫工作,http://gznw.guizhou.gov.cn/gznjw/kzx/tpgj/tpgz/634335/index.html
夏季适宜栽培这些食用菌,2019年05月16日,实用技术,http://gznw.guizhou.gov.cn/gznjw/xjs/jsfw/syjs/631577/index.html
夏季食用菌栽培如何降低染菌率,2019年05月16日,实用技术,http://gznw.guizhou.gov.cn/gznjw/xjs/jsfw/syjs/631570/index.html
贵州今年食用菌种植目标任务30亿棒,2019年03月11日,省内新闻,http://gznw.guizhou.gov.cn/gznjw/kzx/xwrd/snxw/623126/index.html
大方食用菌产值近亿元,2019年03月07日,图片新闻,http://gznw.guizhou.gov.cn/gznjw/kzx/njzx/tpxw/623037/index.html
食用菌病虫害防治注意四点,2018年09月06日,实用技术,http://gznw.guizhou.gov.cn/gznjw/xjs/jsfw/syjs/612031/index.html
换茬、轮作是食用菌病虫害农业防治方法之一,2018年08月31日,实用技术,http://gznw.guizhou.gov.cn/gznjw/xjs/jsfw/syjs/612050/index.html
食用菌 “重茬” 原因及防治措施,2018年05月23日,实用技术,http://gznw.guizhou.gov.cn/gznjw/xjs/jsfw/syjs/612097/index.html
石阡食用菌产业走向区域化专业化品牌化,2018年05月09日,省内新闻,http://gznw.guizhou.gov.cn/gznjw/kzx/xwrd/snxw/600604/index.html
贵州省今年计划新增种植10亿棒食用菌,2018年04月16日,省内新闻,http://gznw.guizhou.gov.cn/gznjw/kzx/xwrd/snxw/600787/index.html
贵州省食用菌技术服务平台成立,2018年01月10日,省内新闻,http://gznw.guizhou.gov.cn/gznjw/kzx/xwrd/snxw/601195/index.html
制做食用菌母种培育基的简易方法,2018年01月08日,实用技术,http://gznw.guizhou.gov.cn/gznjw/xjs/jsfw/syjs/612212/index.html
食用菌采收有门道,2017年12月28日,实用技术,http://gznw.guizhou.gov.cn/gznjw/xjs/jsfw/syjs/612242/index.html
还有最后10天！食用菌LOGO征集2万元大奖花落谁家,2017年12月12日,省内新闻,http://gznw.guizhou.gov.cn/gznjw/kzx/xwrd/snxw/601336/index.html
贵州省农委与知名食用菌技术装备企业签订合作协议,2017年11月30日,省内新闻,http://gznw.guizhou.gov.cn/gznjw/kzx/xwrd/snxw/601385/index.html
珍稀食用菌种植让荒山变“金山”,2017年11月20日,省内新闻,http://gznw.guizhou.gov.cn/gznjw/kzx/xwrd/snxw/601435/index.html
食用菌冬季管理要点,2017年11月10日,实用技术,http://gznw.guizhou.gov.cn/gznjw/xjs/jsfw/syjs/612339/index.html
省农委举办贵州食用菌公共品牌名称和LOGO设计大赛,2017年11月08日,省内新闻,http://gznw.guizhou.gov.cn/gznjw/kzx/xwrd/snxw/601505/index.html
贵州大力发展食用菌产业,2017年10月24日,省内新闻,http://gznw.guizhou.gov.cn/gznjw/kzx/xwrd/snxw/601589/index.html
巧治食用菌病虫害,2017年09月22日,实用技术,http://gznw.guizhou.gov.cn/gznjw/xjs/jsfw/syjs/612398/index.html
全省产业扶贫(食用菌·“一县一业”发展)暨扶贫产业子基金工作推进会召开,2017年08月23日,省内新闻,http://gznw.guizhou.gov.cn/gznjw/kzx/xwrd/snxw/601902/index.html
食用菌菌种贮藏方法,2017年08月14日,实用技术,http://gznw.guizhou.gov.cn/gznjw/xjs/jsfw/syjs/612588/index.html
高温高湿天生产食用菌应对有招,2017年07月27日,实用技术,http://gznw.guizhou.gov.cn/gznjw/xjs/jsfw/syjs/612649/index.html
贵定县新巴镇原木种植食用菌助力脱贫增收,2017年06月08日,省内新闻,http://gznw.guizhou.gov.cn/gznjw/kzx/xwrd/snxw/602276/index.html
食用菌无公害生产“四措施”,2017年02月17日,实用技术,http://gznw.guizhou.gov.cn/gznjw/xjs/jsfw/syjs/612984/index.html
食用菌保鲜妙法多,2017年02月17日,实用技术,http://gznw.guizhou.gov.cn/gznjw/xjs/jsfw/syjs/612985/index.html
食用菌种老化防治,2017年02月16日,实用技术,http://gznw.guizhou.gov.cn/gznjw/xjs/jsfw/syjs/612997/index.html
食用菌加工的主要形式,2017年01月22日,实用技术,http://gznw.guizhou.gov.cn/gznjw/xjs/jsfw/syjs/613091/index.html
食用菌快速干制法,2016年12月07日,实用技术,http://gznw.guizhou.gov.cn/gznjw/xjs/jsfw/syjs/613275/index.html
冬季食用菌追肥方法,2016年11月28日,实用技术,http://gznw.guizhou.gov.cn/gznjw/xjs/jsfw/syjs/613316/index.html
食用菌收获时采收技术方法,2016年11月10日,实用技术,http://gznw.guizhou.gov.cn/gznjw/xjs/jsfw/syjs/613373/index.html
食用菌病虫害的农业防治,2016年09月09日,实用技术,http://gznw.guizhou.gov.cn/gznjw/xjs/jsfw/syjs/613470/index.html
食用菌补水需掌握时机,2016年08月09日,实用技术,http://gznw.guizhou.gov.cn/gznjw/xjs/jsfw/syjs/613550/index.html
孙志刚：围绕重点领域攻关 推动食用菌产业加快发展,2016年07月07日,省内新闻,http://gznw.guizhou.gov.cn/gznjw/kzx/xwrd/snxw/603808/index.html
湄潭县凤峰食用菌专业合作社,2016年05月30日,协会合作社,http://gznw.guizhou.gov.cn/gznjw/xsj/snzz/xhhzs/619194/index.html
食用菌使用杀菌剂注意事项,2016年04月26日,实用技术,http://gznw.guizhou.gov.cn/gznjw/xjs/jsfw/syjs/613799/index.html
金沙县富甲食用菌种植专业合作社,2015年11月06日,协会合作社,http://gznw.guizhou.gov.cn/gznjw/xsj/snzz/xhhzs/619284/index.html
湄潭县贤国食用菌有限责任公司,2015年10月21日,涉农企业,http://gznw.guizhou.gov.cn/gznjw/xsj/snzz/snqy/618702/index.html
正安县天圣食用菌栽培农民专业合作社,2015年02月16日,协会合作社,http://gznw.guizhou.gov.cn/gznjw/xsj/snzz/xhhzs/619404/index.html
冬季食用菌也要防虫害,2014年12月10日,实用技术,http://gznw.guizhou.gov.cn/gznjw/xjs/jsfw/syjs/614353/index.html
玉米芯培育食用菌开出“致富花”,2014年12月09日,致富案例,http://gznw.guizhou.gov.cn/gznjw/xjs/zfal/624743/index.html
初冬食用菌严防虫害,2014年11月20日,实用技术,http://gznw.guizhou.gov.cn/gznjw/xjs/jsfw/syjs/614478/index.html
生态优势让上林食用菌产业红红火火,2014年11月17日,致富案例,http://gznw.guizhou.gov.cn/gznjw/xjs/zfal/624756/index.html
提高食用菌质量注意啥,2014年09月19日,实用技术,http://gznw.guizhou.gov.cn/gznjw/xjs/jsfw/syjs/614594/index.html
食用菌栽培原料及配方,2014年09月16日,实用技术,http://gznw.guizhou.gov.cn/gznjw/xjs/jsfw/syjs/614655/index.html
综合防治食用菌病虫害,2014年09月02日,实用技术,http://gznw.guizhou.gov.cn/gznjw/xjs/jsfw/syjs/614822/index.html
印江食用菌种植达5300万,2014年03月11日,实用技术,http://gznw.guizhou.gov.cn/gznjw/xjs/jsfw/syjs/614930/index.html
食用菌生产要防曲霉污染,2014年03月11日,实用技术,http://gznw.guizhou.gov.cn/gznjw/xjs/jsfw/syjs/614931/index.html
制作食用菌保健挂面,2014年02月17日,食品加工,http://gznw.guizhou.gov.cn/gznjw/syjs0/jg/spjg/679230/index.html
食用菌生产要防曲霉污染,2014年02月10日,其他,http://gznw.guizhou.gov.cn/gznjw/syjs0/bcfz/qt53/683294/index.html
食用菌的废料晒干后也可当饲料,2014年01月02日,食用菌,http://gznw.guizhou.gov.cn/gznjw/syjs0/zz/syj/655744/index.html
怎样预防食用菌杂菌,2013年12月31日,其他,http://gznw.guizhou.gov.cn/gznjw/syjs0/bcfz/qt53/682568/index.html
初冬食用菌严防虫害,2013年12月02日,其他,http://gznw.guizhou.gov.cn/gznjw/syjs0/bcfz/qt53/683248/index.html
承德县食用菌成为石灰窑乡农民脱贫致富支柱产业,2013年11月29日,致富案例,http://gznw.guizhou.gov.cn/gznjw/xjs/zfal/625053/index.html
食用菌冬季栽培最佳方法,2013年11月26日,食用菌,http://gznw.guizhou.gov.cn/gznjw/syjs0/zz/syj/655743/index.html
秋种食用菌应谨防虫害,2013年11月12日,其他,http://gznw.guizhou.gov.cn/gznjw/syjs0/bcfz/qt53/683318/index.html
新疆布尔津：食用菌种植大户带领村民走上致富路,2013年10月23日,致富案例,http://gznw.guizhou.gov.cn/gznjw/xjs/zfal/625156/index.html
新疆布尔津：食用菌种植大户带领村民走上致富路,2013年10月23日,食用菌,http://gznw.guizhou.gov.cn/gznjw/syjs0/zz/syj/655829/index.html
通化布尔津食用菌种植大户带领村民走上致富路,2013年10月21日,致富案例,http://gznw.guizhou.gov.cn/gznjw/xjs/zfal/625163/index.html
小小食用菌 致富大产业,2013年07月26日,致富案例,http://gznw.guizhou.gov.cn/gznjw/xjs/zfal/625309/index.html
食用菌母种简易保存法,2013年06月24日,食用菌,http://gznw.guizhou.gov.cn/gznjw/syjs0/zz/syj/655712/index.html
帅胜杭：变废为宝食用菌种植实现梦想,2013年06月14日,致富案例,http://gznw.guizhou.gov.cn/gznjw/xjs/zfal/625363/index.html
帅胜杭：变废为宝食用菌种植实现梦想,2013年06月14日,食用菌,http://gznw.guizhou.gov.cn/gznjw/syjs0/zz/syj/655858/index.html
下岗职工种植食用菌致富,2013年06月06日,致富案例,http://gznw.guizhou.gov.cn/gznjw/xjs/zfal/625368/index.html
下岗职工种植食用菌致富,2013年06月06日,食用菌,http://gznw.guizhou.gov.cn/gznjw/syjs0/zz/syj/655908/index.html
食用菌追肥如何配制,2013年05月31日,食用菌,http://gznw.guizhou.gov.cn/gznjw/syjs0/zz/syj/655892/index.html
怎样处理食用菌栽培后的废料,2013年05月03日,食用菌,http://gznw.guizhou.gov.cn/gznjw/syjs0/zz/syj/655840/index.html
食用菌育种技术,2013年04月19日,食用菌,http://gznw.guizhou.gov.cn/gznjw/syjs0/zz/syj/656324/index.html
请问食用菌种退化怎么办,2013年04月12日,食用菌,http://gznw.guizhou.gov.cn/gznjw/syjs0/zz/syj/655865/index.html
食用菌害虫防治有啥法,2013年03月25日,其他,http://gznw.guizhou.gov.cn/gznjw/syjs0/bcfz/qt53/684814/index.html
刘荣：食用菌撑起致富伞,2013年03月04日,致富案例,http://gznw.guizhou.gov.cn/gznjw/xjs/zfal/625460/index.html
刘荣：食用菌撑起致富伞,2013年03月04日,食用菌,http://gznw.guizhou.gov.cn/gznjw/syjs0/zz/syj/655949/index.html
食用菌冬季首选生料栽培,2013年01月10日,食用菌,http://gznw.guizhou.gov.cn/gznjw/syjs0/zz/syj/655954/index.html
食用菌越冬要升温保湿,2012年12月17日,食用菌,http://gznw.guizhou.gov.cn/gznjw/syjs0/zz/syj/656016/index.html
务川县泥高乡食用菌基地,2012年11月30日,协会合作社,http://gznw.guizhou.gov.cn/gznjw/xsj/snzz/xhhzs/619513/index.html
崔照权：让食用菌产业持续发展,2012年11月27日,致富案例,http://gznw.guizhou.gov.cn/gznjw/xjs/zfal/625478/index.html
崔照权：让食用菌产业持续发展,2012年11月27日,食用菌,http://gznw.guizhou.gov.cn/gznjw/syjs0/zz/syj/655872/index.html
食用菌虫害的防控有啥措施,2012年11月14日,食用菌,http://gznw.guizhou.gov.cn/gznjw/syjs0/zz/syj/655991/index.html
食用菌病虫害综合防治措施,2012年11月08日,其他,http://gznw.guizhou.gov.cn/gznjw/syjs0/bcfz/qt53/684855/index.html
秋种食用菌谨防虫害,2012年09月29日,食用菌,http://gznw.guizhou.gov.cn/gznjw/syjs0/zz/syj/656020/index.html
食用菌添加营养液做到“三要”,2012年09月19日,食用菌,http://gznw.guizhou.gov.cn/gznjw/syjs0/zz/syj/655895/index.html
问：食用菌添加营养液做到“哪几要”？,2012年09月18日,食用菌,http://gznw.guizhou.gov.cn/gznjw/syjs0/zz/syj/655956/index.html
食用菌一棚三茬效益高,2012年08月05日,食用菌,http://gznw.guizhou.gov.cn/gznjw/syjs0/zz/syj/656032/index.html
食用菌胡桃肉状菌的防治,2012年03月08日,其他,http://gznw.guizhou.gov.cn/gznjw/syjs0/bcfz/qt53/685844/index.html
食用菌菌螨的发生与防治,2012年02月09日,其他,http://gznw.guizhou.gov.cn/gznjw/syjs0/bcfz/qt53/686367/index.html
食用菌重茬原因及防治措施,2012年02月07日,其他,http://gznw.guizhou.gov.cn/gznjw/syjs0/bcfz/qt53/686374/index.html
冬季巧解食用菌升温保湿与通风矛盾,2012年02月05日,食用菌,http://gznw.guizhou.gov.cn/gznjw/syjs0/zz/syj/656102/index.html
请问专家：食用菌生产如何防曲霉污染?,2012年01月10日,食用菌,http://gznw.guizhou.gov.cn/gznjw/syjs0/zz/syj/656135/index.html
食用菌原种及栽培种的鉴别方法,2012年01月09日,食用菌,http://gznw.guizhou.gov.cn/gznjw/syjs0/zz/syj/656108/index.html
食用菌产业成为我国农村经济发展新亮点,2011年11月30日,食用菌,http://gznw.guizhou.gov.cn/gznjw/syjs0/zz/syj/656172/index.html
如何用稻草栽培食用菌,2011年11月10日,食用菌,http://gznw.guizhou.gov.cn/gznjw/syjs0/zz/syj/656209/index.html
食用菌的干制加工,2011年10月25日,其他,http://gznw.guizhou.gov.cn/gznjw/syjs0/jg/qt87/679800/index.html
食用菌生理性病害产生的原因及防治措施,2011年10月22日,其他,http://gznw.guizhou.gov.cn/gznjw/syjs0/bcfz/qt53/686756/index.html
十一月食用菌农事,2011年10月19日,食用菌,http://gznw.guizhou.gov.cn/gznjw/syjs0/zz/syj/656235/index.html
食用菌如何防治褐腐病,2011年09月27日,其他,http://gznw.guizhou.gov.cn/gznjw/syjs0/bcfz/qt53/686724/index.html
食用菌如何防治褐腐病？,2011年09月27日,其他,http://gznw.guizhou.gov.cn/gznjw/syjs0/bcfz/qt53/686722/index.html
食用菌制种简化革新法,2011年09月06日,食用菌,http://gznw.guizhou.gov.cn/gznjw/syjs0/zz/syj/655775/index.html
如何减少食用菌虫害,2011年07月18日,食用菌,http://gznw.guizhou.gov.cn/gznjw/syjs0/zz/syj/656253/index.html
食用菌母种制作技术,2011年07月14日,食用菌,http://gznw.guizhou.gov.cn/gznjw/syjs0/zz/syj/656254/index.html
食用菌黄菇病防治方法,2011年07月07日,其他,http://gznw.guizhou.gov.cn/gznjw/syjs0/bcfz/qt53/686833/index.html
怎样防治食用菌主要病害?,2011年07月04日,其他,http://gznw.guizhou.gov.cn/gznjw/syjs0/bcfz/qt53/686841/index.html
请问专家：如何减少食用菌虫害？,2011年06月10日,食用菌,http://gznw.guizhou.gov.cn/gznjw/syjs0/zz/syj/656295/index.html
怎样防治食用菌主要病害？,2011年05月19日,其他,http://gznw.guizhou.gov.cn/gznjw/syjs0/bcfz/qt53/687256/index.html
食用菌废菌料可喂猪,2011年04月30日,家畜,http://gznw.guizhou.gov.cn/gznjw/syjs0/yz/jc/674505/index.html
泸州云龙镇：食用菌规模化发展 拓宽群众致富路,2011年04月07日,致富案例,http://gznw.guizhou.gov.cn/gznjw/xjs/zfal/625792/index.html
减少食用菌虫害技术,2011年03月16日,食用菌,http://gznw.guizhou.gov.cn/gznjw/syjs0/zz/syj/656343/index.html
食用菌病虫害发生及防治措施,2011年03月15日,其他,http://gznw.guizhou.gov.cn/gznjw/syjs0/bcfz/qt53/687442/index.html
制作一万袋食用菌栽培种大概需要多少支母种？,2011年03月02日,食用菌,http://gznw.guizhou.gov.cn/gznjw/syjs0/zz/syj/656333/index.html
如何减少食用菌虫害？,2011年01月28日,食用菌,http://gznw.guizhou.gov.cn/gznjw/syjs0/zz/syj/656359/index.html
食用菌出菇期间要补营养液,2011年01月27日,食用菌,http://gznw.guizhou.gov.cn/gznjw/syjs0/zz/syj/655756/index.html
食用菌栽培补水应注意什么,2011年01月13日,食用菌,http://gznw.guizhou.gov.cn/gznjw/syjs0/zz/syj/656387/index.html
食用菌栽培什么情况下需要补水？,2011年01月12日,食用菌,http://gznw.guizhou.gov.cn/gznjw/syjs0/zz/syj/656390/index.html
食用菌褐腐病的发生与防治,2011年01月12日,其他,http://gznw.guizhou.gov.cn/gznjw/syjs0/bcfz/qt53/687658/index.html
食用菌栽培需要补水吗？,2011年01月06日,食用菌,http://gznw.guizhou.gov.cn/gznjw/syjs0/zz/syj/656370/index.html
冉孟国种植食用菌 创业致富得肯吃苦,2011年01月06日,致富案例,http://gznw.guizhou.gov.cn/gznjw/xjs/zfal/625967/index.html
冉孟国种植食用菌 创业致富得肯吃苦,2011年01月06日,食用菌,http://gznw.guizhou.gov.cn/gznjw/syjs0/zz/syj/656384/index.html
食用菌袋如何通气？,2011年01月05日,食用菌,http://gznw.guizhou.gov.cn/gznjw/syjs0/zz/syj/656372/index.html
蓬溪县食用菌产业带动农民增收致富,2010年12月17日,致富案例,http://gznw.guizhou.gov.cn/gznjw/xjs/zfal/626028/index.html
蓬溪县食用菌产业带动农民增收致富,2010年12月17日,食用菌,http://gznw.guizhou.gov.cn/gznjw/syjs0/zz/syj/656424/index.html
食用菌常见病害特点,2010年12月09日,其他,http://gznw.guizhou.gov.cn/gznjw/syjs0/bcfz/qt53/683523/index.html
食用菌冬管如何入手？,2010年12月02日,食用菌,http://gznw.guizhou.gov.cn/gznjw/syjs0/zz/syj/656420/index.html
食用菌废料作肥料充分腐熟再施用,2010年11月10日,食用菌,http://gznw.guizhou.gov.cn/gznjw/syjs0/zz/syj/655764/index.html
食用菌废料作肥料 充分腐熟再施用,2010年11月10日,食用菌,http://gznw.guizhou.gov.cn/gznjw/syjs0/zz/syj/656465/index.html
山洞适于栽培哪些食用菌？,2010年11月04日,食用菌,http://gznw.guizhou.gov.cn/gznjw/syjs0/zz/syj/656436/index.html
如何为食用菌添加营养液?,2010年10月27日,食用菌,http://gznw.guizhou.gov.cn/gznjw/syjs0/zz/syj/655770/index.html
食用菌出菇时如何追肥？,2010年10月27日,食用菌,http://gznw.guizhou.gov.cn/gznjw/syjs0/zz/syj/656483/index.html
贵州：石华均“折腾”出食用菌黄金产业,2010年10月14日,致富案例,http://gznw.guizhou.gov.cn/gznjw/xjs/zfal/626256/index.html
贵州：石华均“折腾”出食用菌黄金产业,2010年10月14日,食用菌,http://gznw.guizhou.gov.cn/gznjw/syjs0/zz/syj/656503/index.html
如何防治食用菌青霉菌？,2010年10月08日,其他,http://gznw.guizhou.gov.cn/gznjw/syjs0/bcfz/qt53/688105/index.html
